format	fm-lint-telemetry-v1
git_head	09c1a88dad34916295da35dab88f40c8d8b7539e
content_cksum	2378226797-18813
shellcheck_version	0.11.0
analysis_mode	full
jobs	2
root_count	400
direct_lines	270995
direct_bytes	12974863
source_directives	767
source_boundary_directives	133
source_followed_directives	634
source_target_count	72
shard_1_weight_bytes	6487326
shard_2_weight_bytes	6487537
wall_seconds	1001
worker_wall_sum_seconds	1810.25
max_worker_wall_seconds	1001.03
user_seconds	1384.27
system_seconds	41.14
max_worker_rss_kib	7003520
worker_rss_sum_kib	13071088
shellcheck_processes_start	2
shellcheck_processes_end	0
load_average_start	9.96/9.68/8.59
load_average_end	18.03/17.98/14.83
aggregate_cpu_percent_start	202.60
aggregate_cpu_percent_end	109.60
result_exit	0
